Sample Index,Case Name,Initial Temperature in Heated Section (K),HTC (W/m^2K),Glass thickness (m),Glass thermal conductivity (k:W/mK),Air Thermal conductivity (k:W/mK),Air Viscosity (kg/ms),He Thermal conductivity (k:W/mK),He Viscosity (kg/ms)
1,onc_0001,1107.256301,9.512071633,0.003195982,2.477585272,0.034716718,2.37E-05,0.174030755,5.59E-05
2,onc_0002,1248.876938,7.10991852,0.001061753,3.145837734,0.074632752,2.55E-05,0.214041285,2.74E-05
3,onc_0003,1063.316614,5.295088673,0.002295835,1.924212452,0.061615668,2.31E-05,0.249712051,3.51E-05
4,onc_0004,1158.216544,7.873242018,0.001599021,2.325621989,0.060468605,2.00E-05,0.351693552,2.69E-05
5,onc_0005,913.8104982,9.493966819,0.003896896,2.855115227,0.043485372,2.17E-05,0.376489907,3.82E-05
6,onc_0006,949.4299987,5.00225141,0.001103166,3.036776724,0.040780703,4.04E-05,0.256038659,4.15E-05
7,onc_0007,1214.87126,1.93005911,0.003908754,2.795239082,0.080950184,4.81E-05,0.348574979,5.82E-05
8,onc_0008,928.4622384,2.040230338,0.001135682,1.985594595,0.048445992,2.75E-05,0.423213986,3.47E-05
9,onc_0009,1048.748115,5.472691223,0.001422773,2.843954565,0.029909261,5.12E-05,0.404947624,2.81E-05
10,onc_0010,876.6015993,8.173068142,0.003120572,2.712212902,0.071022952,2.10E-05,0.271156309,2.46E-05
11,onc_0011,1412.632796,6.270651456,0.001992694,1.514405031,0.043861183,2.93E-05,0.391160862,4.64E-05
12,onc_0012,1427.702325,4.774927759,0.001358783,2.683840617,0.07040421,3.71E-05,0.404534528,4.04E-05
13,onc_0013,1199.884155,4.332656082,0.001076257,1.594204569,0.027364648,3.96E-05,0.256893863,4.10E-05
14,onc_0014,1440.424425,2.567993069,0.002231149,2.759992049,0.039011465,2.10E-05,0.248938235,2.65E-05
15,onc_0015,1454.257518,8.100391758,0.002900211,2.968629062,0.07293499,2.47E-05,0.443850027,4.23E-05
16,onc_0016,1377.840469,8.971303869,0.00195401,1.598093464,0.038960539,3.26E-05,0.419746894,5.57E-05
17,onc_0017,877.4954292,5.156398296,0.002252233,1.799794059,0.0325833,2.97E-05,0.460130424,3.33E-05
18,onc_0018,1197.420078,7.059887693,0.002090889,3.149207749,0.082304375,2.68E-05,0.316030332,3.23E-05
19,onc_0019,1051.189551,0.465180779,0.002828693,2.304822242,0.02854778,2.77E-05,0.448928692,2.98E-05
20,onc_0020,963.7165398,4.945582327,0.003956951,1.835699489,0.06517297,4.37E-05,0.232087723,5.02E-05
21,onc_0021,1103.032847,6.359827723,0.002900589,2.364394431,0.030838033,4.61E-05,0.258971026,2.76E-05
22,onc_0022,898.6365022,5.949840138,0.003032693,1.429858092,0.055728803,2.60E-05,0.36386017,2.71E-05
23,onc_0023,1305.020633,3.928679928,0.00381019,1.647537699,0.045636453,2.23E-05,0.454240435,5.64E-05
24,onc_0024,1034.376414,6.633842056,0.003451667,2.399361461,0.056764879,2.65E-05,0.185353849,5.72E-05
25,onc_0025,1435.956307,6.367704427,0.002017089,2.028577234,0.068348916,4.82E-05,0.442080524,5.23E-05
26,onc_0026,1274.45188,0.932985653,0.001484886,3.017397539,0.061295606,1.88E-05,0.188059809,4.75E-05
27,onc_0027,876.313743,1.691999709,0.002646201,2.645411356,0.063982478,2.59E-05,0.385526029,2.97E-05
28,onc_0028,1076.541081,7.490264911,0.002948899,2.928602139,0.064315983,3.73E-05,0.185538799,3.51E-05
29,onc_0029,1038.91474,2.515497469,0.003919032,2.107575904,0.078150001,3.94E-05,0.412244287,4.08E-05
30,onc_0030,1233.743773,4.975925169,0.001585729,2.700413807,0.042078482,1.93E-05,0.363957012,2.72E-05
31,onc_0031,1460.983638,9.543892912,0.003744593,2.06628566,0.026422101,4.92E-05,0.293699063,6.01E-05
32,onc_0032,1475.460667,8.544793609,0.001883347,2.093175911,0.075735893,2.90E-05,0.210053785,4.30E-05
33,onc_0033,1458.293542,6.990694987,0.002710184,1.574917689,0.061801806,5.13E-05,0.200544765,4.14E-05
34,onc_0034,1421.552039,7.433609316,0.003091047,2.664471351,0.046723707,2.82E-05,0.416948836,5.36E-05
35,onc_0035,1415.113553,9.14108147,0.002534027,2.30272933,0.072617697,4.00E-05,0.38222397,5.30E-05
36,onc_0036,1429.447839,3.446152053,0.002126749,1.569167492,0.059634527,1.97E-05,0.305796463,4.24E-05
37,onc_0037,1052.25261,5.94924928,0.001091501,1.46722674,0.074051967,3.04E-05,0.196333746,4.16E-05
38,onc_0038,1354.43447,2.236628172,0.002868671,1.553625437,0.028559758,3.61E-05,0.33005896,4.64E-05
39,onc_0039,1326.993388,9.760935587,0.002548901,1.981321651,0.072434235,2.75E-05,0.297187019,2.31E-05
40,onc_0040,888.9954822,9.630219305,0.00350794,2.652753571,0.049642466,2.42E-05,0.205832353,3.02E-05
41,onc_0041,1216.444127,7.174499635,0.002980592,1.903881015,0.081856957,4.29E-05,0.334494839,4.53E-05
42,onc_0042,1135.421019,2.552536796,0.002067918,2.764122999,0.026359365,2.23E-05,0.170124494,2.15E-05
43,onc_0043,1407.855638,7.066212808,0.002422521,1.576101489,0.054520437,3.42E-05,0.211253093,3.79E-05
44,onc_0044,1122.235384,6.196915971,0.002905281,1.481547218,0.04761603,3.92E-05,0.317934078,5.55E-05
45,onc_0045,1284.866454,1.713050828,0.001211706,2.556354701,0.027074442,3.79E-05,0.459264046,4.38E-05
46,onc_0046,1115.775612,6.468553363,0.002374759,2.382110221,0.08106619,3.13E-05,0.466041357,5.76E-05
47,onc_0047,995.5292488,0.786676879,0.001302334,1.432799286,0.031083114,4.11E-05,0.178268138,3.31E-05
48,onc_0048,1401.239313,0.330392164,0.003443405,1.907338595,0.032482951,4.16E-05,0.35861238,5.64E-05
49,onc_0049,1332.606156,8.054461211,0.001846104,1.719391179,0.069804057,4.52E-05,0.475519933,3.70E-05
50,onc_0050,1105.679905,7.786488311,0.002022411,3.075363186,0.076165258,3.27E-05,0.398036651,5.13E-05
51,onc_0051,937.6075742,9.035273776,0.002515757,2.887623439,0.044396247,4.81E-05,0.281094471,2.03E-05
52,onc_0052,1439.059004,1.0037381,0.001957941,3.110111541,0.081605683,3.75E-05,0.359548244,3.85E-05
53,onc_0053,1056.421393,3.353778999,0.003017555,2.754274153,0.072221375,4.46E-05,0.184740581,4.04E-05
54,onc_0054,909.1271029,5.540335935,0.002324592,2.997867529,0.046217626,2.24E-05,0.20148493,5.16E-05
55,onc_0055,1259.5672,1.101114494,0.00125232,2.661744437,0.029803772,4.57E-05,0.383606362,2.32E-05
56,onc_0056,926.1778132,9.867731827,0.002122812,2.067155865,0.073473606,4.99E-05,0.474063584,5.12E-05
57,onc_0057,1108.331054,0.926657095,0.003331441,2.40512765,0.050543499,4.85E-05,0.191204594,4.03E-05
58,onc_0058,880.2465957,4.739740356,0.00116891,1.613872249,0.032445268,4.00E-05,0.396476151,4.41E-05
59,onc_0059,1474.555951,3.811218737,0.001857136,2.963478431,0.038704474,5.04E-05,0.159180028,6.02E-05
60,onc_0060,900.127103,8.922316826,0.002583103,3.187336633,0.029864763,3.68E-05,0.468664282,4.16E-05
61,onc_0061,1266.555619,6.987912021,0.002363623,2.529604544,0.059990606,4.83E-05,0.169944633,3.15E-05
62,onc_0062,1467.204698,8.913611461,0.00236697,2.516238676,0.041878367,2.47E-05,0.305182242,3.45E-05
63,onc_0063,1237.964253,0.869572906,0.003923184,3.17517934,0.066708784,3.62E-05,0.255332659,5.37E-05
64,onc_0064,1301.141219,1.7099077,0.003732782,2.880567037,0.081558048,4.25E-05,0.353591669,3.72E-05
65,onc_0065,1456.151939,8.674032506,0.001135656,1.447460554,0.047725244,4.53E-05,0.474475864,2.61E-05
66,onc_0066,1244.511404,3.870819481,0.003909743,2.915814062,0.07498009,3.40E-05,0.289377738,3.12E-05
67,onc_0067,908.3875042,8.660751525,0.003438703,3.199491812,0.084321912,3.69E-05,0.403894391,5.92E-05
68,onc_0068,1404.222102,2.548746207,0.002351632,1.632486947,0.081808908,3.86E-05,0.229179365,4.78E-05
69,onc_0069,1259.511057,3.645810909,0.001340673,2.608831752,0.056213552,4.41E-05,0.323439666,5.53E-05
70,onc_0070,1218.11937,5.653285918,0.003629961,2.126269159,0.033418289,1.95E-05,0.39941608,4.57E-05
71,onc_0071,1313.235059,2.208345199,0.001409114,1.426180398,0.046198303,3.80E-05,0.28207819,3.80E-05
72,onc_0072,1438.294392,3.547729124,0.002541968,2.810575423,0.048910138,3.91E-05,0.434086682,5.94E-05
73,onc_0073,965.0782793,9.273217489,0.002476349,1.864839899,0.052603773,5.09E-05,0.314533135,3.35E-05
74,onc_0074,1269.057204,2.477441626,0.00122759,1.631983499,0.033066033,2.35E-05,0.200138378,4.65E-05
75,onc_0075,986.8341468,3.522106105,0.003690365,2.253130952,0.064902832,2.42E-05,0.217424731,2.15E-05
76,onc_0076,978.7428612,2.858044356,0.001531031,1.559664561,0.032628768,3.38E-05,0.221965945,3.50E-05
77,onc_0077,1187.810965,6.934908803,0.001117936,2.838938718,0.062562637,2.12E-05,0.437712912,5.82E-05
78,onc_0078,911.3267788,2.841088717,0.003418604,2.746867443,0.036398654,2.54E-05,0.27503845,4.00E-05
79,onc_0079,1259.590145,3.752245032,0.002387604,2.745447689,0.02767469,2.69E-05,0.385904455,5.71E-05
80,onc_0080,1192.973985,5.367923504,0.001321516,2.20534226,0.056939944,2.65E-05,0.242307106,3.55E-05
81,onc_0081,885.6955022,3.288583739,0.001634344,1.989495234,0.032577208,4.80E-05,0.347182184,4.81E-05
82,onc_0082,1366.421483,5.034577769,0.001260761,2.366791775,0.060139714,4.32E-05,0.294822798,2.51E-05
83,onc_0083,1050.52413,3.694514734,0.002937752,2.427400948,0.046523401,5.12E-05,0.35112123,2.97E-05
84,onc_0084,936.7691345,1.613305478,0.001737873,1.689226472,0.03651939,2.79E-05,0.211308618,5.72E-05
85,onc_0085,923.3001027,5.292662757,0.00223119,3.16828151,0.032121458,3.17E-05,0.46871857,5.59E-05
86,onc_0086,1383.860898,2.653237988,0.001512663,2.603557796,0.080352825,3.69E-05,0.340075247,3.15E-05
87,onc_0087,1354.121558,1.951733111,0.001971038,2.16578559,0.055464278,2.65E-05,0.192381339,4.53E-05
88,onc_0088,1053.558527,5.854258392,0.001463088,2.266052183,0.056938302,2.02E-05,0.264087627,2.54E-05
89,onc_0089,912.7625253,9.900606301,0.001967062,2.857774003,0.04053644,4.11E-05,0.401062076,4.46E-05
90,onc_0090,1167.908697,4.17722505,0.002046605,3.07315246,0.074525162,5.04E-05,0.195440264,5.03E-05
91,onc_0091,1459.659703,1.894207355,0.001199489,2.734017169,0.059409873,4.64E-05,0.200444,5.30E-05
92,onc_0092,999.1771564,1.720193834,0.001492797,2.866234496,0.064763537,3.58E-05,0.271274249,5.64E-05
93,onc_0093,1118.447814,8.184334451,0.002317405,2.078499973,0.052812907,2.85E-05,0.396982017,4.08E-05
94,onc_0094,1018.294545,9.005788275,0.002151674,2.37839515,0.079001258,3.92E-05,0.193047812,5.90E-05
95,onc_0095,1265.498919,3.415565585,0.001417816,2.829245341,0.062100725,3.62E-05,0.444281228,5.27E-05
96,onc_0096,967.9543836,3.186048471,0.001745467,2.739103327,0.027488762,3.74E-05,0.401783391,5.64E-05
97,onc_0097,1086.968197,8.230447316,0.001331895,2.923614125,0.033033154,3.17E-05,0.413047484,2.61E-05
98,onc_0098,1016.443585,7.250300427,0.00316011,2.554065739,0.066460157,3.65E-05,0.236666708,3.42E-05
99,onc_0099,986.6576529,9.093660557,0.002750175,2.12153255,0.052773135,4.99E-05,0.204834643,4.42E-05
100,onc_0100,1189.355719,6.153396931,0.001054331,2.969823036,0.080514648,3.72E-05,0.380505077,5.83E-05
101,onc_0101,1315.209508,1.610136525,0.002728865,2.492087083,0.05053811,4.29E-05,0.457368231,5.84E-05
102,onc_0102,1154.947149,1.221056654,0.003954524,2.910016556,0.032866391,4.90E-05,0.43652229,4.14E-05
103,onc_0103,1242.726711,4.050126768,0.001164285,2.003355035,0.072886682,1.87E-05,0.263083622,3.64E-05
104,onc_0104,1209.049122,9.206570602,0.002039038,2.024515763,0.069030224,3.35E-05,0.227873723,3.87E-05
105,onc_0105,961.1926806,1.846231166,0.002495103,2.154065809,0.079495399,3.05E-05,0.342977437,4.62E-05
106,onc_0106,881.3346901,6.669019983,0.001534108,3.129926571,0.034282643,3.22E-05,0.182846962,6.14E-05
107,onc_0107,1187.046991,5.994311671,0.001201229,2.749928847,0.037896608,4.82E-05,0.221579851,2.78E-05
108,onc_0108,895.9953699,4.773462757,0.002694523,1.518275551,0.071274175,3.35E-05,0.32480635,3.82E-05
109,onc_0109,1123.646951,5.64043928,0.001465721,1.727470635,0.076364292,4.98E-05,0.275955834,3.11E-05
110,onc_0110,1275.681915,4.146468294,0.001076159,1.681074675,0.067759789,4.03E-05,0.164011218,2.91E-05
111,onc_0111,1017.583302,6.751738162,0.001059132,1.587395448,0.072713347,2.44E-05,0.366308927,2.97E-05
112,onc_0112,935.3058425,2.507404691,0.003166801,2.940253643,0.074501585,3.16E-05,0.371268648,2.83E-05
113,onc_0113,1056.381989,8.973724603,0.001039006,1.553915356,0.037777446,1.94E-05,0.213915334,4.41E-05
114,onc_0114,1136.561415,8.93744994,0.003452331,2.015271233,0.040818674,3.11E-05,0.346115967,3.10E-05
115,onc_0115,1263.274275,4.153175357,0.002656142,2.185027752,0.042886535,4.99E-05,0.402154297,2.56E-05
116,onc_0116,1415.985908,4.925568863,0.003683657,2.839739461,0.050602008,1.92E-05,0.242124137,4.24E-05
117,onc_0117,1269.105561,2.653088086,0.001418068,2.902874426,0.083599941,3.59E-05,0.21076078,3.12E-05
118,onc_0118,884.6450924,9.151558185,0.001353253,2.437729656,0.041682101,3.68E-05,0.365880268,5.44E-05
119,onc_0119,1002.173616,0.208858704,0.001410657,3.020033555,0.07707858,3.83E-05,0.349421122,4.75E-05
120,onc_0120,982.7658177,9.152678265,0.002256312,2.089649351,0.056131528,2.01E-05,0.209016064,5.06E-05
121,onc_0121,924.9033074,6.071205884,0.001736047,2.100732105,0.042545925,3.03E-05,0.387746303,3.22E-05
122,onc_0122,1227.18122,4.812898982,0.002991013,3.086293531,0.068739353,2.56E-05,0.165332755,3.07E-05
123,onc_0123,1245.103461,0.609115553,0.002489099,2.474317128,0.045233857,4.40E-05,0.189717479,2.29E-05
124,onc_0124,1328.304382,5.00536403,0.003065207,2.182689209,0.040050276,4.56E-05,0.41373313,4.88E-05
125,onc_0125,1043.254318,5.943283602,0.002082922,1.564847732,0.079641017,2.30E-05,0.462499746,3.84E-05
126,onc_0126,988.8673372,5.464819379,0.003618838,2.718004796,0.073105475,4.03E-05,0.379090704,5.52E-05
127,onc_0127,1029.204989,4.94530714,0.001663628,3.177802414,0.081219295,1.98E-05,0.383390676,5.84E-05
128,onc_0128,986.0186195,5.722657782,0.003746465,1.461102761,0.066665031,2.83E-05,0.454144266,6.03E-05
129,onc_0129,1463.363769,4.794720745,0.003586128,2.920188917,0.044340238,4.59E-05,0.167216049,4.47E-05
130,onc_0130,1016.917024,1.293612169,0.00123086,2.653319797,0.045566149,4.25E-05,0.176382319,3.29E-05
131,onc_0131,1210.359032,7.928159332,0.001956258,2.526604478,0.077791878,3.89E-05,0.230575117,2.08E-05
132,onc_0132,1417.005301,0.310567167,0.003624105,2.352086841,0.080924736,4.49E-05,0.477922015,3.44E-05
133,onc_0133,1352.68104,4.079116045,0.002439627,2.529509834,0.077066013,5.11E-05,0.403663526,3.72E-05
134,onc_0134,1136.519194,7.402064786,0.001716331,1.598853404,0.046436386,2.80E-05,0.251058268,2.95E-05
135,onc_0135,899.4603482,0.276951954,0.003963167,2.169991641,0.048189259,4.10E-05,0.225820212,5.94E-05
136,onc_0136,1364.654951,0.985168923,0.002252742,2.982412954,0.08125899,3.40E-05,0.353590439,2.68E-05
137,onc_0137,1492.67995,2.393549844,0.003828195,2.569363968,0.061372776,3.55E-05,0.229834777,2.72E-05
138,onc_0138,1010.964905,1.945738795,0.003338753,2.030225467,0.028923318,5.06E-05,0.441013328,5.85E-05
139,onc_0139,1495.017135,1.821562967,0.002188726,2.764829256,0.066582437,2.36E-05,0.419041483,2.92E-05
140,onc_0140,1013.0472,5.416046787,0.00277882,2.444155174,0.030908672,4.75E-05,0.241129118,2.52E-05
141,onc_0141,1428.661987,9.560949832,0.003586383,2.857128935,0.064176074,3.67E-05,0.183376299,3.68E-05
142,onc_0142,1106.098958,2.671562459,0.00317026,2.292576323,0.030292568,2.58E-05,0.376174889,2.30E-05
143,onc_0143,1405.196882,5.001950617,0.00244176,2.466334012,0.074174732,3.00E-05,0.374479743,4.34E-05
144,onc_0144,1040.05602,8.798436865,0.003392278,2.585213302,0.075703146,4.72E-05,0.384292085,5.47E-05
145,onc_0145,1309.104537,6.83339364,0.002855834,2.754889951,0.034869347,4.77E-05,0.437151886,2.10E-05
146,onc_0146,1389.32676,1.375811688,0.002005357,2.738314861,0.034996502,4.56E-05,0.424312265,4.10E-05
147,onc_0147,877.1414891,2.941677518,0.002850781,3.16613512,0.062793553,2.71E-05,0.360249404,4.23E-05
148,onc_0148,1360.592364,1.159108324,0.003283084,2.374279842,0.082336518,2.98E-05,0.359801963,5.87E-05
149,onc_0149,937.2237055,9.378562024,0.003063657,1.522106706,0.043269973,4.19E-05,0.177027143,4.41E-05
150,onc_0150,1089.344205,6.247063626,0.001137226,2.968766251,0.082955948,5.06E-05,0.397642423,2.52E-05
151,onc_0151,1347.102411,0.343410473,0.001066371,1.982498394,0.054345017,4.40E-05,0.376186727,3.84E-05
152,onc_0152,1044.180348,9.971532552,0.002278544,2.212496644,0.035165503,4.48E-05,0.379545211,2.90E-05
153,onc_0153,924.6422726,6.836943091,0.002963534,1.891867149,0.081620814,2.35E-05,0.295041135,5.91E-05
154,onc_0154,1135.500559,6.421406882,0.002192783,1.893587364,0.083574889,3.20E-05,0.444348037,2.94E-05
155,onc_0155,1006.351095,0.408227421,0.002955,2.063347419,0.076516104,3.42E-05,0.468305663,2.75E-05
156,onc_0156,1416.082911,7.788308843,0.003312766,2.920609811,0.07041831,3.92E-05,0.197686719,2.12E-05
157,onc_0157,1448.725947,6.204838114,0.003389612,2.266740233,0.0324324,2.26E-05,0.37692068,3.77E-05
158,onc_0158,998.4879804,4.966786013,0.001192627,2.447548523,0.041383401,4.49E-05,0.255602436,3.88E-05
159,onc_0159,880.4134185,0.817224189,0.002177481,2.263889902,0.060917437,2.82E-05,0.379965443,5.57E-05
160,onc_0160,1360.595861,0.492226371,0.002441521,1.588874321,0.039793167,5.12E-05,0.201324509,4.06E-05
161,onc_0161,1259.528242,7.054403208,0.002678946,1.417587525,0.044774604,3.56E-05,0.183660754,3.44E-05
162,onc_0162,893.9036032,0.877927122,0.00219077,1.638888357,0.059000798,4.13E-05,0.414111703,2.81E-05
163,onc_0163,977.834988,1.135221619,0.002909291,2.671656308,0.02737391,4.95E-05,0.172054395,4.24E-05
164,onc_0164,1316.348278,8.722594325,0.003142261,2.84311055,0.045541083,4.55E-05,0.181154334,5.71E-05
165,onc_0165,1215.422615,8.191247923,0.002356955,2.558439851,0.056573218,4.27E-05,0.181644238,2.23E-05
166,onc_0166,1027.601876,1.679492333,0.003615351,1.794585177,0.083096174,2.97E-05,0.214136007,5.27E-05
167,onc_0167,1284.875295,5.032137593,0.002666091,2.694563201,0.0389912,5.15E-05,0.470439621,4.69E-05
168,onc_0168,997.874009,6.8342596,0.001216595,1.455174504,0.040715964,3.38E-05,0.435997232,5.01E-05
169,onc_0169,1337.378711,4.312384011,0.002037805,2.067869773,0.08379157,1.98E-05,0.435595964,4.39E-05
170,onc_0170,1147.306568,7.280050838,0.002460007,2.972161829,0.078660754,3.25E-05,0.2447595,4.45E-05
171,onc_0171,1443.422709,2.185555671,0.0028689,2.536808396,0.068771274,2.29E-05,0.386704844,5.77E-05
172,onc_0172,985.4609272,2.451678917,0.003914185,1.725758515,0.075927584,3.48E-05,0.235189696,5.61E-05
173,onc_0173,1151.48805,5.196691804,0.0020777,2.467311533,0.035159605,3.14E-05,0.46869978,3.06E-05
174,onc_0174,1283.643252,3.319381636,0.003320419,1.635572589,0.082739503,3.35E-05,0.231574557,2.29E-05
175,onc_0175,979.2571786,5.245762091,0.00201101,2.891990059,0.050936834,2.67E-05,0.35479766,4.93E-05
176,onc_0176,977.5595445,1.759430241,0.001110014,2.725523627,0.064681353,3.42E-05,0.428204073,5.34E-05
177,onc_0177,1239.025745,8.695885677,0.001617524,1.601455315,0.041428025,2.04E-05,0.326998355,5.89E-05
178,onc_0178,897.7416801,1.308888149,0.002356597,3.080975032,0.04416649,3.53E-05,0.168692168,2.60E-05
179,onc_0179,1489.843158,9.654675095,0.00101482,3.113261214,0.063224707,4.72E-05,0.302285585,4.13E-05
180,onc_0180,1178.703555,6.70195615,0.001418954,1.453952462,0.043681061,4.18E-05,0.220517295,4.79E-05
181,onc_0181,1479.393524,1.029617086,0.003017806,2.198750395,0.076739399,2.44E-05,0.379203675,5.47E-05
182,onc_0182,1463.581118,6.86415548,0.002491524,2.512125032,0.076784408,3.74E-05,0.165075352,5.86E-05
183,onc_0183,1304.138696,6.797482519,0.001647025,2.585993846,0.048752086,4.01E-05,0.18971579,4.72E-05
184,onc_0184,1497.833549,0.577299185,0.003931523,2.132434329,0.076893487,4.44E-05,0.338589038,5.06E-05
185,onc_0185,1422.266152,4.100989184,0.001981099,2.601668094,0.073181291,4.37E-05,0.413215065,3.80E-05
186,onc_0186,1384.337277,1.290069648,0.002633467,1.410365589,0.044663931,3.06E-05,0.283348478,4.88E-05
187,onc_0187,1116.018241,4.542066864,0.001712632,2.071853225,0.038921266,2.09E-05,0.350369068,4.77E-05
188,onc_0188,1260.362441,4.688591034,0.002139357,2.954000569,0.05614121,3.44E-05,0.163541106,3.40E-05
189,onc_0189,1110.791272,4.048345531,0.002740517,2.360484584,0.061382707,4.38E-05,0.418120809,4.97E-05
190,onc_0190,1470.400086,0.280502568,0.001587334,1.413613175,0.063717725,4.82E-05,0.233977566,5.85E-05
191,onc_0191,910.8201323,9.350916665,0.002054868,1.582557491,0.054181474,2.70E-05,0.247360804,3.26E-05
192,onc_0192,1375.081337,5.437696639,0.001933923,2.49860081,0.067770319,2.75E-05,0.288966966,2.49E-05
193,onc_0193,986.3774009,6.843066754,0.001544315,2.345294091,0.067351085,2.20E-05,0.338684733,3.05E-05
194,onc_0194,1475.027443,4.887101903,0.003417978,2.390407776,0.02807179,3.95E-05,0.462876757,4.49E-05
195,onc_0195,1385.183997,8.853643987,0.001684239,1.781680712,0.061564217,3.21E-05,0.426810754,5.73E-05
196,onc_0196,1094.056033,2.445018534,0.003341577,1.894650864,0.074052779,3.25E-05,0.371095584,2.38E-05
197,onc_0197,1263.093271,4.572500019,0.002759825,1.702425574,0.068993195,4.71E-05,0.225330647,2.38E-05
198,onc_0198,887.9252982,6.455517854,0.002821282,2.384055343,0.039197285,3.14E-05,0.347467978,4.05E-05
199,onc_0199,1490.565339,1.45075355,0.003085434,2.127773783,0.050778219,4.23E-05,0.379142305,6.11E-05
200,onc_0200,953.4028506,1.130685529,0.003173016,2.441096451,0.041688323,2.11E-05,0.182946738,5.71E-05
201,onc_0201,993.0766713,3.301378465,0.001679969,2.03899335,0.029606727,3.57E-05,0.177111846,5.32E-05
202,onc_0202,1019.231737,5.446117955,0.003640237,2.571579264,0.056960038,2.92E-05,0.262922839,4.77E-05
203,onc_0203,1494.536808,6.65220798,0.00267335,2.715170918,0.052961957,2.05E-05,0.337063052,5.97E-05
204,onc_0204,982.7231041,6.931048419,0.001602801,2.364489832,0.031214913,3.34E-05,0.399747851,3.43E-05
205,onc_0205,1288.753073,7.974954612,0.003781533,1.822355747,0.049073782,2.35E-05,0.476159616,5.85E-05
206,onc_0206,1210.650204,8.436129614,0.002562874,2.522454238,0.030769266,4.35E-05,0.196544878,5.42E-05
207,onc_0207,1361.956656,7.116572508,0.001108481,1.945631041,0.041036371,3.04E-05,0.183588406,5.89E-05
208,onc_0208,1219.304091,3.124690676,0.002190945,2.204964573,0.060951296,3.56E-05,0.452526201,4.05E-05
209,onc_0209,1493.298367,8.529107082,0.001625532,3.075071386,0.032376825,4.56E-05,0.278320736,5.64E-05
210,onc_0210,1415.728834,8.078661461,0.003370091,1.94842245,0.030285077,3.18E-05,0.211357417,4.88E-05
211,onc_0211,1089.479634,9.758540989,0.002922916,2.880465015,0.033330331,4.70E-05,0.45361431,4.01E-05
212,onc_0212,1252.088399,7.671617029,0.001524516,2.304618938,0.049035254,2.33E-05,0.27408858,2.26E-05
213,onc_0213,889.2837324,1.438146263,0.003889345,2.389153165,0.082503527,3.28E-05,0.256072628,4.09E-05
214,onc_0214,1147.866781,1.146080374,0.002922479,1.788868729,0.062072117,4.00E-05,0.204405716,2.24E-05
215,onc_0215,1361.165029,4.652024195,0.001174491,3.190759371,0.028919653,4.15E-05,0.473312744,2.98E-05
216,onc_0216,962.0629679,1.3017109,0.001909825,1.58188246,0.0663547,2.06E-05,0.319966551,6.14E-05
217,onc_0217,1381.922117,6.190672438,0.001918761,2.523012505,0.056610914,3.26E-05,0.197513893,5.68E-05
218,onc_0218,1154.287895,2.026762867,0.002103278,2.145433555,0.074343321,4.28E-05,0.403997044,2.03E-05
219,onc_0219,1133.267057,4.865307101,0.001057577,1.867663776,0.070374987,2.30E-05,0.328337178,2.88E-05
220,onc_0220,880.7260902,2.48789443,0.003927621,2.842766801,0.082134977,3.46E-05,0.190732102,4.26E-05
221,onc_0221,1157.158553,8.459135119,0.001294248,2.278834047,0.034364428,2.92E-05,0.393667037,3.96E-05
222,onc_0222,1108.098973,4.005315158,0.00237834,2.813029779,0.078152251,5.01E-05,0.409687341,3.30E-05
223,onc_0223,1303.268598,4.432270928,0.001764012,2.913568843,0.027777553,4.83E-05,0.304464123,4.64E-05
224,onc_0224,1285.279169,8.961665633,0.002910009,2.505080453,0.029443162,3.57E-05,0.203805645,5.06E-05
225,onc_0225,1193.314312,6.834255014,0.001125019,1.552625629,0.067780511,2.09E-05,0.17829015,2.03E-05
226,onc_0226,1471.011199,7.401332759,0.002059754,1.933764046,0.046146118,4.41E-05,0.369097573,2.75E-05
227,onc_0227,981.9770401,1.074116932,0.002980908,2.775870792,0.041150489,1.92E-05,0.181819387,6.02E-05
228,onc_0228,1057.817758,7.715309164,0.002873991,2.087491351,0.037647682,2.25E-05,0.354108293,5.21E-05
229,onc_0229,1275.622354,5.349991119,0.001125854,3.1432798,0.072642423,2.82E-05,0.472113606,4.49E-05
230,onc_0230,1237.193283,7.505924476,0.003435309,2.581661493,0.033068978,2.97E-05,0.455336564,2.92E-05
231,onc_0231,1105.772998,4.377561141,0.002318215,2.503291248,0.081161258,2.65E-05,0.194536255,2.80E-05
232,onc_0232,1427.522409,6.493527045,0.00185772,2.86870449,0.076339766,4.65E-05,0.452375705,3.03E-05
233,onc_0233,1345.088958,4.659341023,0.003525996,2.711283219,0.071328454,4.02E-05,0.212619818,4.25E-05
234,onc_0234,1488.617821,9.380141858,0.001129521,1.696666668,0.033283364,4.25E-05,0.419672709,2.87E-05
235,onc_0235,1189.333226,8.422959977,0.003198405,2.37602697,0.060346638,3.53E-05,0.251459316,4.34E-05
236,onc_0236,1303.737758,8.745896867,0.002908874,2.770018767,0.034955887,3.38E-05,0.158267286,3.01E-05
237,onc_0237,1327.224895,9.918918518,0.001297534,2.122689769,0.072722487,2.53E-05,0.334731168,5.04E-05
238,onc_0238,1258.171706,1.961444873,0.002066154,2.810825212,0.058215114,1.87E-05,0.401308752,2.13E-05
239,onc_0239,1339.270901,2.104557546,0.00387422,2.062293352,0.044802357,2.34E-05,0.254064067,5.64E-05
240,onc_0240,1495.908778,3.746264352,0.002345832,2.699727689,0.077804744,3.81E-05,0.281845919,3.70E-05
241,onc_0241,1307.946122,0.13186081,0.002858768,2.039887419,0.072375882,2.16E-05,0.345439321,3.99E-05
242,onc_0242,1274.63557,0.742050585,0.002739951,2.410672258,0.058594762,3.85E-05,0.373979143,5.34E-05
243,onc_0243,1041.801441,8.267989161,0.002494767,1.538704902,0.028965112,2.96E-05,0.409038589,4.93E-05
244,onc_0244,1366.073784,5.220963659,0.002320597,1.665414548,0.044876777,3.29E-05,0.183898063,2.90E-05
245,onc_0245,1247.07072,7.383064831,0.003995043,3.079603996,0.063428013,3.24E-05,0.360951589,5.26E-05
246,onc_0246,947.1160361,4.158058408,0.003519407,2.090899313,0.059256397,3.80E-05,0.214898552,3.49E-05
247,onc_0247,1082.236281,0.359347414,0.001072575,2.897054679,0.041624011,3.56E-05,0.251839927,5.90E-05
248,onc_0248,1035.223439,4.353602446,0.003618191,2.91548042,0.036491914,4.51E-05,0.303400148,3.99E-05
249,onc_0249,956.5816568,0.897954986,0.003183818,2.293630074,0.051288723,4.26E-05,0.402770941,2.64E-05
250,onc_0250,1254.57123,1.440005415,0.003254125,2.582519281,0.081960187,2.08E-05,0.173698074,3.16E-05
251,onc_0251,1036.729138,2.545090111,0.003718764,1.84918316,0.041557855,4.36E-05,0.300668881,5.22E-05
252,onc_0252,914.0071168,4.926954817,0.001100841,1.512775766,0.078999213,2.31E-05,0.327402903,3.69E-05
253,onc_0253,1090.256946,9.008350122,0.00106547,2.594821435,0.082360266,3.70E-05,0.458162175,2.20E-05
254,onc_0254,1134.916764,2.675562131,0.003192463,3.166334763,0.040647935,4.02E-05,0.219302889,4.34E-05
255,onc_0255,1163.131001,9.722852763,0.002825582,2.02911147,0.032242835,2.35E-05,0.228103976,3.03E-05
256,onc_0256,1404.827567,5.656105604,0.002570173,1.606583969,0.076267165,4.24E-05,0.177129888,4.93E-05
257,onc_0257,1212.888563,0.909080923,0.002374902,2.272453317,0.035292418,4.98E-05,0.430081037,4.77E-05
258,onc_0258,1162.10784,4.176478862,0.00295292,2.381777365,0.029184759,3.55E-05,0.415992546,3.90E-05
259,onc_0259,905.6254588,7.884154174,0.001604091,1.865517503,0.035229384,2.94E-05,0.399938032,4.15E-05
260,onc_0260,1001.21104,8.790517774,0.003638746,2.967041165,0.039601454,3.34E-05,0.473736555,5.20E-05
261,onc_0261,890.1309966,0.745525453,0.002391794,3.036596371,0.057298995,3.50E-05,0.189353866,4.72E-05
262,onc_0262,1387.005581,3.866158074,0.003326836,3.136057977,0.037534335,3.58E-05,0.248093187,5.29E-05
263,onc_0263,1234.174733,6.382365934,0.003393742,2.112746851,0.079509807,3.61E-05,0.206323112,4.88E-05
264,onc_0264,1368.978007,3.235940603,0.003571538,3.031057859,0.041850237,5.11E-05,0.200747665,2.82E-05
265,onc_0265,988.2997358,8.950498129,0.002962878,1.67378771,0.05149365,3.89E-05,0.182237277,5.66E-05
266,onc_0266,1375.44239,5.101547058,0.00390138,2.151969763,0.083582718,4.06E-05,0.360464609,2.67E-05
267,onc_0267,1424.398945,4.33214791,0.0014867,1.422693536,0.058541392,3.60E-05,0.3878458,5.69E-05
268,onc_0268,922.7830857,7.341815254,0.001562236,2.944718696,0.073843244,3.64E-05,0.384899907,3.29E-05
269,onc_0269,1167.653495,8.234205287,0.002377796,2.044036878,0.054673661,4.59E-05,0.26363617,2.70E-05
270,onc_0270,1318.194363,8.277184306,0.001301912,1.831773403,0.03388782,3.00E-05,0.300866486,5.10E-05
271,onc_0271,1280.149798,6.247192818,0.002057125,2.914605596,0.053320832,5.09E-05,0.360293519,2.51E-05
272,onc_0272,1295.794785,3.318529753,0.003058982,1.525354067,0.035829819,4.68E-05,0.228706238,5.47E-05
273,onc_0273,1047.711519,6.46453091,0.003082452,2.322778556,0.043526497,2.55E-05,0.165981446,3.25E-05
274,onc_0274,1281.409402,9.389217703,0.003613613,2.778916598,0.072036573,4.05E-05,0.239411153,5.76E-05
275,onc_0275,1292.391232,5.648362247,0.001332968,2.204699979,0.052675914,4.71E-05,0.332003236,3.57E-05
276,onc_0276,1483.699045,1.196133874,0.002267645,1.475644415,0.069172019,4.89E-05,0.24579727,5.56E-05
277,onc_0277,1055.801005,9.1166246,0.003261886,2.848832198,0.026572574,5.04E-05,0.390211799,3.25E-05
278,onc_0278,1391.563135,2.887059864,0.003618262,1.602644703,0.067034773,3.64E-05,0.186463456,2.99E-05
279,onc_0279,880.9031429,4.740802858,0.001903796,2.477043472,0.043050114,2.84E-05,0.395554089,2.18E-05
280,onc_0280,1437.504517,8.537412356,0.003003414,2.467798826,0.078165104,2.46E-05,0.180783889,2.98E-05
281,onc_0281,1369.801153,0.443235641,0.002748421,3.191787529,0.076004947,3.58E-05,0.175827652,5.45E-05
282,onc_0282,1247.541517,1.237836671,0.001281572,3.037328275,0.064999758,4.59E-05,0.439459038,4.36E-05
283,onc_0283,1196.579842,4.361231362,0.00195084,2.18227273,0.071176928,3.84E-05,0.443838481,3.83E-05
284,onc_0284,1252.611341,6.349944776,0.002775091,2.664740792,0.039521038,3.55E-05,0.188950048,3.58E-05
285,onc_0285,1177.966301,6.55702017,0.003851593,2.48117192,0.069389755,3.53E-05,0.360281198,2.28E-05
286,onc_0286,1032.157458,3.682345623,0.00241748,1.482167742,0.033772874,2.77E-05,0.46938538,3.36E-05
287,onc_0287,1174.449763,2.041367356,0.00283234,1.905229788,0.037724709,3.56E-05,0.157030245,2.01E-05
288,onc_0288,1010.078959,0.463541489,0.001324077,2.009949169,0.072870881,3.74E-05,0.321015983,3.20E-05
289,onc_0289,1455.542662,4.030448908,0.001261278,2.510719729,0.032227646,2.99E-05,0.319316576,5.63E-05
290,onc_0290,1181.64129,7.052361784,0.003978451,1.636680416,0.04172201,3.16E-05,0.291643923,3.69E-05
291,onc_0291,1440.452257,7.16892318,0.002823716,1.956870892,0.074122179,5.01E-05,0.420776253,1.99E-05
292,onc_0292,1270.932676,0.606240276,0.001772822,1.507144461,0.061140195,4.12E-05,0.192268433,3.58E-05
293,onc_0293,1158.32063,3.753624915,0.001363075,2.154106022,0.069837298,2.09E-05,0.181175406,3.46E-05
294,onc_0294,1461.775656,6.718869203,0.00303601,2.051455984,0.060542145,1.88E-05,0.360925296,5.79E-05
295,onc_0295,1256.039046,8.749616075,0.003171919,1.61700515,0.078764107,2.07E-05,0.327903043,2.57E-05
296,onc_0296,880.467217,4.278139175,0.001885122,2.274800889,0.059570781,1.99E-05,0.195021885,4.31E-05
297,onc_0297,1087.646754,7.318817527,0.002956875,2.922087853,0.066374261,3.27E-05,0.372847028,3.13E-05
298,onc_0298,1064.611252,7.910953083,0.002339259,2.837084613,0.074041452,4.69E-05,0.451634837,3.78E-05
299,onc_0299,1072.457705,5.863767591,0.002113517,2.4819335,0.067146886,4.13E-05,0.27635793,2.68E-05
300,onc_0300,1142.252363,1.511682026,0.003670291,2.022579429,0.034624727,1.93E-05,0.36407021,4.64E-05
301,onc_0301,1086.044634,0.8099477,0.002228887,1.960191491,0.065467142,3.86E-05,0.273137736,2.89E-05
302,onc_0302,1490.721881,4.59461605,0.003064823,1.652995342,0.05416483,1.94E-05,0.318683858,6.00E-05
303,onc_0303,1113.298406,0.486060524,0.001092867,2.098376168,0.034953131,1.93E-05,0.39976411,3.89E-05
304,onc_0304,1053.942445,9.010823512,0.001348417,3.120653892,0.044037293,4.79E-05,0.35020555,5.43E-05
305,onc_0305,1488.207428,2.955213834,0.003883406,2.101067411,0.048259202,2.98E-05,0.330308736,2.62E-05
306,onc_0306,1219.247364,5.462877643,0.003285705,2.900569931,0.051500609,2.85E-05,0.239103346,2.79E-05
307,onc_0307,909.1826213,3.49023499,0.001810743,3.139551295,0.058420606,3.00E-05,0.342938394,2.56E-05
308,onc_0308,1150.699545,6.299719782,0.002466693,2.123201841,0.084157365,4.76E-05,0.356822083,4.35E-05
309,onc_0309,1261.093833,2.092989867,0.002185413,1.471027159,0.05357215,3.65E-05,0.2288906,6.00E-05
310,onc_0310,1441.604605,7.249218031,0.00260016,2.965944487,0.033219844,4.47E-05,0.195609562,5.29E-05
311,onc_0311,1045.518519,8.783196752,0.003832126,1.667832745,0.05281266,5.10E-05,0.31155496,5.58E-05
312,onc_0312,1241.136638,3.815766088,0.001857351,1.765801564,0.070463996,3.13E-05,0.320565808,4.03E-05
313,onc_0313,1233.978257,8.669213742,0.003942218,2.133651575,0.074342201,4.38E-05,0.340694851,5.97E-05
314,onc_0314,998.4565959,1.181715682,0.003561886,2.19046967,0.075489949,4.81E-05,0.175445038,5.66E-05
315,onc_0315,1153.371826,5.153281641,0.002879778,3.067488692,0.026638048,3.43E-05,0.377618045,4.99E-05
316,onc_0316,1306.017396,1.430907781,0.001898187,2.045687946,0.07298014,2.77E-05,0.223379343,5.97E-05
317,onc_0317,878.6899964,9.978426471,0.003030464,2.891244739,0.042895601,1.90E-05,0.39383273,5.46E-05
318,onc_0318,1335.984606,1.514217844,0.003260284,2.784061008,0.064370722,4.39E-05,0.428770238,4.54E-05
319,onc_0319,928.5323765,4.927515316,0.001232948,2.133577456,0.049533506,2.07E-05,0.268037631,2.44E-05
320,onc_0320,1378.337418,9.482111457,0.001216949,3.119207373,0.056347441,2.84E-05,0.180102583,4.07E-05
321,onc_0321,1369.761941,7.100156125,0.001150678,1.531223304,0.049283703,2.83E-05,0.230389147,3.15E-05
322,onc_0322,1375.366889,9.299357731,0.002215308,3.030999804,0.044481582,3.43E-05,0.228334216,4.65E-05
323,onc_0323,1485.062146,6.074581651,0.002073442,2.566071403,0.032763595,4.79E-05,0.317917165,3.85E-05
324,onc_0324,1239.344786,6.285360242,0.001215327,2.628710998,0.039786479,4.21E-05,0.4212084,5.33E-05
325,onc_0325,1218.49073,5.249681934,0.001428628,2.795623071,0.041525969,3.49E-05,0.247167185,2.54E-05
326,onc_0326,1266.655038,0.637887145,0.003245936,1.971656231,0.025517948,3.54E-05,0.170399096,3.13E-05
327,onc_0327,1315.045653,0.720627254,0.003518015,1.406875861,0.040075169,4.30E-05,0.25751279,2.40E-05
328,onc_0328,1098.314211,2.776893535,0.003528136,1.964026252,0.0720652,4.80E-05,0.295520524,5.77E-05
329,onc_0329,1108.99265,9.644376323,0.001267869,2.63663468,0.054650151,3.13E-05,0.359831059,4.92E-05
330,onc_0330,875.8772617,1.752835579,0.003139138,2.599493744,0.082516825,4.37E-05,0.462672847,4.91E-05
331,onc_0331,1059.447533,1.14311273,0.003345472,2.559468599,0.028353475,3.04E-05,0.464621652,4.07E-05
332,onc_0332,1143.627346,4.631226091,0.001626648,2.063672908,0.047332819,2.02E-05,0.403435317,3.72E-05
333,onc_0333,1387.053538,8.518445211,0.001635982,2.583236268,0.053379526,4.76E-05,0.225007591,4.81E-05
334,onc_0334,1253.025464,3.023484628,0.001409803,2.572951569,0.069094912,2.89E-05,0.363750174,3.63E-05
335,onc_0335,1318.939962,2.072231221,0.003670645,1.917337274,0.047213189,2.04E-05,0.191306359,4.13E-05
336,onc_0336,1040.408803,8.371254235,0.00104408,2.082369288,0.045416887,1.91E-05,0.195463278,3.70E-05
337,onc_0337,1181.215009,4.102468498,0.002592813,2.471237015,0.026095608,3.39E-05,0.466787845,4.14E-05
338,onc_0338,1296.647794,3.187452193,0.003321974,2.791258667,0.056271875,5.08E-05,0.195845406,2.05E-05
339,onc_0339,1354.53739,8.09083982,0.001360622,1.878049099,0.026545772,2.82E-05,0.405237694,4.14E-05
340,onc_0340,1090.727151,3.78021902,0.001004061,1.93964095,0.063657772,5.07E-05,0.429138648,2.08E-05
341,onc_0341,1434.795306,7.853664292,0.003341128,2.224392366,0.048996441,2.85E-05,0.176491776,2.93E-05
342,onc_0342,1027.289602,4.89236299,0.003242333,2.252857691,0.028923423,5.02E-05,0.460070481,5.25E-05
343,onc_0343,1492.779505,5.490375095,0.003888305,1.536089073,0.047088958,2.60E-05,0.218570669,2.57E-05
344,onc_0344,1262.189647,7.835086372,0.002734895,1.664532877,0.073374717,3.96E-05,0.280759499,4.79E-05
345,onc_0345,1035.603607,3.517402864,0.003752458,1.92290811,0.053244183,4.80E-05,0.384084621,2.24E-05
346,onc_0346,965.2217678,0.177631749,0.002892765,2.205812166,0.033433609,5.02E-05,0.326510175,2.99E-05
347,onc_0347,1186.052262,6.828241294,0.001228718,1.894466867,0.073129335,3.37E-05,0.331980253,3.78E-05
348,onc_0348,900.5896591,1.74092282,0.002336625,1.776533838,0.028459281,4.64E-05,0.472508792,5.29E-05
349,onc_0349,1406.808265,2.49557359,0.003881881,1.754466268,0.081654229,5.14E-05,0.385378452,6.07E-05
350,onc_0350,1229.140839,2.669463653,0.002310988,2.468409684,0.02982257,3.91E-05,0.472504042,2.77E-05
351,onc_0351,1368.561577,9.088198058,0.003831105,3.128244088,0.056281528,5.08E-05,0.400118682,2.65E-05
352,onc_0352,1171.236412,7.211478636,0.001742021,2.55310733,0.064846344,2.39E-05,0.337964685,5.20E-05
353,onc_0353,1184.984735,0.219820856,0.001027115,2.042652819,0.080165058,2.61E-05,0.360365155,2.91E-05
354,onc_0354,1074.209827,8.495616687,0.003186584,1.571718699,0.050807867,1.95E-05,0.31074102,4.74E-05
355,onc_0355,947.2200649,2.959960895,0.00219351,3.055155844,0.08412235,2.00E-05,0.401314302,3.53E-05
356,onc_0356,1118.455989,7.567223236,0.003755279,3.11167147,0.05956622,3.03E-05,0.409896121,3.03E-05
357,onc_0357,1225.724472,3.649926769,0.002969893,1.832718043,0.036815971,4.89E-05,0.188167203,4.09E-05
358,onc_0358,1011.194032,0.485406637,0.001108056,1.71539919,0.076658443,2.79E-05,0.462571468,4.41E-05
359,onc_0359,1146.055699,5.842879463,0.002550095,2.765797257,0.042180199,3.02E-05,0.444346452,5.93E-05
360,onc_0360,1431.04352,4.25253514,0.003341097,2.25740432,0.054870013,2.53E-05,0.346386072,2.76E-05
361,onc_0361,1080.394515,8.564798996,0.001621227,1.528084913,0.029582164,4.96E-05,0.319157654,3.69E-05
362,onc_0362,1379.989657,8.374676686,0.001996573,2.648512503,0.071014246,4.02E-05,0.204266751,5.63E-05
363,onc_0363,1210.11105,2.896477021,0.002275685,1.467627963,0.033055468,4.38E-05,0.155253762,3.72E-05
364,onc_0364,1199.744989,0.640880758,0.003919234,1.807025596,0.04346088,2.86E-05,0.229752924,1.99E-05
365,onc_0365,1329.026964,9.671770448,0.00167288,2.593484945,0.06928958,4.66E-05,0.291902925,3.24E-05
366,onc_0366,1076.475724,7.154951198,0.003450338,1.726905142,0.047399368,4.84E-05,0.416086283,6.09E-05
367,onc_0367,1344.592875,3.99263249,0.002771914,2.589825658,0.030139707,3.65E-05,0.384601797,2.68E-05
368,onc_0368,1361.083855,5.879350527,0.003856665,1.476360137,0.041166995,3.84E-05,0.251139682,4.96E-05
369,onc_0369,1347.566252,1.114908044,0.002541563,2.316003,0.047301396,4.94E-05,0.422815893,4.89E-05
370,onc_0370,1319.639864,4.670989824,0.003762984,2.650271769,0.068527445,4.70E-05,0.243868308,5.35E-05
371,onc_0371,995.1851389,3.518885327,0.002006831,3.161345843,0.076054582,4.17E-05,0.390336533,4.32E-05
372,onc_0372,1465.129021,5.012961654,0.002141553,1.693463606,0.07190429,4.28E-05,0.279527358,2.09E-05
373,onc_0373,1397.56528,0.213038036,0.003111099,3.146462798,0.051336559,2.63E-05,0.383162992,5.39E-05
374,onc_0374,1214.696269,9.673649225,0.001155006,2.308632077,0.067906236,4.71E-05,0.21321051,5.32E-05
375,onc_0375,1218.619558,4.025881452,0.001395145,2.957532366,0.034790751,2.88E-05,0.249033322,5.61E-05
376,onc_0376,1293.623007,7.987145832,0.001751404,2.524773379,0.059248944,4.61E-05,0.44822419,2.03E-05
377,onc_0377,1294.44615,0.613174411,0.002646576,1.917738912,0.043613002,3.02E-05,0.3561387,3.37E-05
378,onc_0378,1331.123542,4.104821117,0.00120506,2.810767716,0.042372706,3.28E-05,0.376881425,3.37E-05
379,onc_0379,908.5188644,3.801818365,0.003833346,2.555121915,0.065134236,3.94E-05,0.219592118,3.72E-05
380,onc_0380,1342.524921,1.103591686,0.001833558,1.897374395,0.051003598,5.10E-05,0.177076273,4.14E-05
381,onc_0381,985.2618945,9.7096978,0.001339911,2.126481804,0.069052869,4.18E-05,0.291935077,3.43E-05
382,onc_0382,1121.677617,2.716335005,0.001615999,2.269471456,0.041356277,2.80E-05,0.367605506,6.02E-05
383,onc_0383,1250.453432,0.862096724,0.001226751,3.112561798,0.043053241,2.15E-05,0.348945077,4.58E-05
384,onc_0384,1278.497938,2.747280076,0.001045332,3.137027665,0.040315292,4.09E-05,0.383731702,4.52E-05
385,onc_0385,1068.732767,2.783852912,0.002793005,2.958972141,0.081377111,2.20E-05,0.205312284,5.92E-05
386,onc_0386,1333.521344,8.841638866,0.001607898,2.457654568,0.06688451,4.10E-05,0.287221768,2.04E-05
387,onc_0387,1237.507932,2.605705238,0.002350763,3.123645827,0.049057223,4.63E-05,0.216212719,4.78E-05
388,onc_0388,1483.828197,1.108741699,0.00102496,2.180449027,0.030975864,4.33E-05,0.450960165,3.79E-05
389,onc_0389,1034.857712,4.400592858,0.003170343,1.416297491,0.0602939,3.88E-05,0.361440118,2.99E-05
390,onc_0390,1319.468655,1.004775715,0.001597811,2.979446084,0.069102329,1.90E-05,0.23555998,2.87E-05
391,onc_0391,1042.417495,2.550841726,0.001187579,2.22609293,0.068748876,3.86E-05,0.372816325,2.32E-05
392,onc_0392,1467.879268,8.401069155,0.003415271,2.881370849,0.080549596,3.65E-05,0.220009188,4.55E-05
393,onc_0393,1337.488078,7.405382194,0.002564347,1.523225695,0.047409513,4.90E-05,0.34422571,4.22E-05
394,onc_0394,1041.196889,3.747644307,0.003686038,2.599633486,0.071974003,3.35E-05,0.359034136,3.02E-05
395,onc_0395,1314.098292,4.333253204,0.002327637,2.568780184,0.08076027,2.06E-05,0.421922478,3.20E-05
396,onc_0396,1150.621855,0.316941955,0.001903138,2.304736237,0.028824971,3.48E-05,0.455021951,2.42E-05
397,onc_0397,1350.963677,4.155743428,0.002965521,1.868425876,0.034921698,2.38E-05,0.178042866,2.75E-05
398,onc_0398,1288.320327,8.828737057,0.003442377,2.633241758,0.032026626,2.81E-05,0.255422955,3.02E-05
399,onc_0399,1195.054288,5.401982767,0.002070658,2.036820486,0.074403376,4.46E-05,0.254772704,5.79E-05
400,onc_0400,1468.707026,3.334751166,0.002063275,2.310141476,0.081045891,4.75E-05,0.188414325,3.62E-05
401,onc_0401,1219.034662,5.081011478,0.001581589,2.945870188,0.065456529,4.62E-05,0.432922842,5.10E-05
402,onc_0402,1147.678586,6.144412875,0.001481096,2.612561751,0.036087802,4.15E-05,0.229488269,2.47E-05
403,onc_0403,976.4610706,0.119722139,0.003156219,2.718321888,0.05589641,2.38E-05,0.182266459,2.06E-05
404,onc_0404,976.750898,8.919469796,0.001724611,2.037688389,0.031726476,2.59E-05,0.323136073,4.51E-05
405,onc_0405,1026.507464,0.671548376,0.002173099,1.821566068,0.038465959,5.03E-05,0.354524599,4.30E-05
406,onc_0406,1133.030228,4.346548901,0.002622715,2.653573653,0.066943904,2.42E-05,0.316956457,3.70E-05
407,onc_0407,1417.27288,6.35104732,0.002597512,1.607710356,0.061248918,2.24E-05,0.264282374,2.58E-05
408,onc_0408,1305.730633,2.141895927,0.002175578,3.0122146,0.037566786,3.53E-05,0.290817299,2.06E-05
409,onc_0409,1368.663459,0.783554473,0.002422765,2.409220931,0.06259368,4.13E-05,0.237143092,2.02E-05
410,onc_0410,1325.338461,5.403000334,0.003508353,2.878499053,0.075274993,3.46E-05,0.263125406,5.28E-05
411,onc_0411,1155.231385,1.916077744,0.003564922,2.988607778,0.053027113,2.10E-05,0.280649688,5.33E-05
412,onc_0412,1436.803857,2.114380151,0.001200921,2.979230816,0.048488931,3.64E-05,0.4682644,2.26E-05
413,onc_0413,1278.381171,0.833643683,0.002126407,2.846866181,0.051089359,5.15E-05,0.336016229,3.32E-05
414,onc_0414,1010.730584,3.570153289,0.0021176,1.52368462,0.047318712,3.39E-05,0.388940025,4.72E-05
415,onc_0415,1316.163973,0.182800451,0.001653002,2.591031719,0.054070394,1.87E-05,0.415375298,5.20E-05
416,onc_0416,1215.939398,0.757986925,0.003299545,2.450684458,0.071653751,4.34E-05,0.41489269,4.14E-05
417,onc_0417,960.8598401,6.744458986,0.002861421,2.736055737,0.035534742,2.50E-05,0.443155013,5.11E-05
418,onc_0418,1440.838217,7.61128168,0.002791466,2.577438927,0.077977771,3.77E-05,0.359727411,2.63E-05
419,onc_0419,1169.374459,7.192331408,0.001812828,1.764057525,0.044029037,2.65E-05,0.224739852,3.75E-05
420,onc_0420,1440.594463,5.119890503,0.001563761,1.538549005,0.066590434,3.12E-05,0.420980818,4.73E-05
421,onc_0421,1370.840719,2.79226579,0.003077077,1.875311572,0.080924782,3.96E-05,0.260177645,3.10E-05
422,onc_0422,992.488662,6.976945493,0.001656147,2.471545879,0.041126212,4.04E-05,0.418752612,5.22E-05
423,onc_0423,1348.720124,1.958451816,0.001265155,2.658107891,0.047246307,3.28E-05,0.165321748,3.06E-05
424,onc_0424,894.1994362,8.803939149,0.00173019,2.403206905,0.027810184,4.06E-05,0.259697662,5.72E-05
425,onc_0425,1428.268274,3.320377122,0.003702883,3.193083812,0.074218087,4.65E-05,0.235764485,4.38E-05
426,onc_0426,915.188309,1.039687575,0.003996678,1.987950649,0.069660612,4.52E-05,0.432683244,6.14E-05
427,onc_0427,1024.097378,0.499473186,0.002233575,1.634145206,0.02683336,3.04E-05,0.408663926,4.34E-05
428,onc_0428,1068.651882,6.577985854,0.001696055,1.425886603,0.070614779,3.91E-05,0.401732931,2.14E-05
429,onc_0429,1396.391623,6.23330938,0.002690186,2.524305287,0.076520529,3.79E-05,0.343094496,6.11E-05
430,onc_0430,1346.144191,4.478708674,0.003122191,2.100614849,0.039016027,3.83E-05,0.4553684,5.85E-05
431,onc_0431,1086.857894,5.324006916,0.001634908,3.192135997,0.083406135,4.00E-05,0.415349242,4.96E-05
432,onc_0432,1243.903545,0.62814517,0.002364293,2.614615344,0.065491394,3.09E-05,0.459736687,2.68E-05
433,onc_0433,1185.899672,6.939751368,0.003091407,2.567550122,0.04175486,2.37E-05,0.360874945,4.48E-05
434,onc_0434,985.2564742,7.080877541,0.002365516,2.601969065,0.074923345,2.41E-05,0.161440302,5.23E-05
435,onc_0435,1254.241376,7.026431739,0.003514465,2.845059683,0.082214257,3.62E-05,0.313200178,3.66E-05
436,onc_0436,969.2145863,5.768811606,0.001831038,3.058353522,0.059924307,3.81E-05,0.27001134,2.20E-05
437,onc_0437,892.9914405,4.291017927,0.001253696,2.49232452,0.077496547,4.77E-05,0.368345743,2.86E-05
438,onc_0438,1412.566169,8.87232501,0.001589961,2.727366954,0.042417626,4.51E-05,0.477696903,2.11E-05
439,onc_0439,1434.048534,6.264042283,0.003920148,2.237017132,0.075514679,2.06E-05,0.263659128,2.26E-05
440,onc_0440,1482.788226,8.188041682,0.003557642,3.088337417,0.030531989,3.13E-05,0.178218421,2.86E-05
441,onc_0441,1016.515079,4.744161389,0.001805687,1.581760592,0.035393712,2.34E-05,0.469884652,5.15E-05
442,onc_0442,1478.049304,4.453430816,0.001835105,2.836927755,0.044762366,2.84E-05,0.230428488,2.52E-05
443,onc_0443,1033.452236,3.61766551,0.003021983,1.512616716,0.037932093,4.53E-05,0.202755735,3.41E-05
444,onc_0444,1413.605059,1.63376058,0.001248211,2.272168391,0.043355888,3.71E-05,0.415152273,2.55E-05
445,onc_0445,1236.115963,5.104536728,0.001432236,2.523197274,0.041657623,3.46E-05,0.181851933,3.90E-05
446,onc_0446,1064.704991,8.241573991,0.001170936,2.153493095,0.05256221,4.25E-05,0.340940145,4.76E-05
447,onc_0447,1358.844656,8.635809439,0.001941626,2.36844087,0.075085092,5.13E-05,0.442867174,3.53E-05
448,onc_0448,995.1388316,4.94498612,0.003224924,2.286624327,0.054022683,4.62E-05,0.272106298,5.57E-05
449,onc_0449,1127.423341,3.349507746,0.00236197,2.772404526,0.032945427,2.50E-05,0.46289017,2.71E-05
450,onc_0450,1228.00796,5.83521322,0.002468873,2.560541447,0.039072161,3.68E-05,0.2755885,4.74E-05
451,onc_0451,961.4217758,5.751686427,0.001555811,1.901557514,0.038416147,2.46E-05,0.422235379,3.17E-05
452,onc_0452,1452.64872,9.702272601,0.002713781,1.657402021,0.047612232,4.49E-05,0.274042118,2.34E-05
453,onc_0453,1221.168409,8.46669643,0.003387779,1.715221652,0.065210092,2.58E-05,0.225805224,5.62E-05
454,onc_0454,1029.205579,2.706148731,0.00100196,2.967204261,0.072281316,3.93E-05,0.397840932,2.61E-05
455,onc_0455,1159.625163,3.577071935,0.00128133,2.275034873,0.079843191,1.98E-05,0.249490972,2.85E-05
456,onc_0456,1022.003566,9.093502064,0.002404207,2.239338943,0.070391853,2.36E-05,0.31280238,3.77E-05
457,onc_0457,1246.249027,9.995621262,0.003308347,2.116158265,0.074344215,2.42E-05,0.165100128,2.83E-05
458,onc_0458,1085.924243,5.154749499,0.002845387,3.039090291,0.055596676,3.51E-05,0.171495575,2.13E-05
459,onc_0459,1217.652534,4.437968271,0.003517541,1.689223252,0.026983587,3.34E-05,0.232036317,2.19E-05
460,onc_0460,1326.060159,1.2047707,0.002824959,1.90588955,0.035748067,3.11E-05,0.414389477,3.62E-05
461,onc_0461,1342.418569,1.342314338,0.003318314,1.826479985,0.065483222,3.72E-05,0.455679653,3.60E-05
462,onc_0462,914.5065513,0.289639307,0.003480576,2.344524148,0.071257441,2.63E-05,0.266829378,2.11E-05
463,onc_0463,1474.130777,6.711892276,0.003799615,1.877893533,0.061592696,4.10E-05,0.25792652,5.52E-05
464,onc_0464,1465.173272,8.860065665,0.003217201,1.899436424,0.042128268,5.04E-05,0.158575389,4.97E-05
465,onc_0465,1314.589164,6.264626455,0.003970327,1.961382984,0.045571867,2.11E-05,0.298424349,3.07E-05
466,onc_0466,1087.783858,8.362260724,0.003806454,1.73431953,0.047491891,4.92E-05,0.175235148,2.37E-05
467,onc_0467,974.9025078,5.992607058,0.001451417,3.142537487,0.051870791,3.51E-05,0.235004597,3.94E-05
468,onc_0468,1286.879116,7.536653656,0.003261604,2.440204003,0.078876609,4.56E-05,0.400033937,2.21E-05
469,onc_0469,877.4490703,2.203228044,0.002990571,2.14015548,0.049256144,4.78E-05,0.444821291,5.77E-05
470,onc_0470,1069.339492,6.941452546,0.0018149,1.7430977,0.03640523,2.98E-05,0.294272497,5.45E-05
471,onc_0471,948.087928,7.375765889,0.002594365,1.918301617,0.054591468,2.84E-05,0.347987139,3.79E-05
472,onc_0472,975.911676,1.254172438,0.002640087,3.02434346,0.045807072,4.28E-05,0.368221563,5.86E-05
473,onc_0473,1386.304185,5.709392063,0.002971091,3.01709564,0.049085753,2.93E-05,0.158745656,5.43E-05
474,onc_0474,1373.802987,1.134099729,0.002730572,2.235167057,0.032515068,5.10E-05,0.224669768,2.26E-05
475,onc_0475,1244.959355,7.414780104,0.00109733,2.58569175,0.056920743,2.19E-05,0.21103387,4.35E-05
476,onc_0476,1058.388326,9.389325714,0.003456221,3.170420972,0.040833273,5.06E-05,0.294685159,3.43E-05
477,onc_0477,904.6209718,0.622376053,0.003076034,2.22427219,0.038877126,3.88E-05,0.237009144,4.39E-05
478,onc_0478,1097.673427,8.253167043,0.003462088,2.259230717,0.046211967,3.05E-05,0.415769735,3.35E-05
479,onc_0479,1003.822562,0.938414585,0.002400079,2.267837778,0.075132338,2.58E-05,0.278439718,5.35E-05
480,onc_0480,1387.955938,3.907649652,0.002377372,1.945914604,0.080540412,2.24E-05,0.457168538,4.83E-05
481,onc_0481,1205.409174,0.423324702,0.002426789,2.133946589,0.035023582,4.02E-05,0.469261934,4.32E-05
482,onc_0482,1319.906535,0.77765948,0.002253001,1.609445273,0.061671311,4.96E-05,0.369229212,2.30E-05
483,onc_0483,1094.834111,5.551567456,0.002209623,2.900559219,0.073584041,3.88E-05,0.276003892,3.04E-05
484,onc_0484,939.3267426,3.613487067,0.002239518,2.616481265,0.064348257,2.08E-05,0.283053147,2.74E-05
485,onc_0485,971.1657815,8.290291282,0.001125746,2.154529177,0.035435761,4.76E-05,0.33536348,2.94E-05
486,onc_0486,1187.192176,7.341714961,0.003874354,1.796802808,0.077803918,4.94E-05,0.451565419,4.63E-05
487,onc_0487,1266.8194,4.091785269,0.003257194,2.356329233,0.065485874,3.27E-05,0.391772067,5.42E-05
488,onc_0488,964.6799822,8.346004184,0.00262089,2.920398636,0.050961275,3.10E-05,0.451125737,3.03E-05
489,onc_0489,1400.824914,4.891803668,0.002542286,1.955242907,0.059325435,2.93E-05,0.167947372,3.11E-05
490,onc_0490,877.1372211,9.785712392,0.003897242,2.111279535,0.068491437,2.99E-05,0.372241261,5.34E-05
491,onc_0491,1464.919991,4.062101531,0.003349894,1.878671211,0.08394988,1.94E-05,0.350395004,4.73E-05
492,onc_0492,1303.212875,1.29183703,0.003815589,1.726129902,0.062258911,2.59E-05,0.254585356,4.26E-05
493,onc_0493,1133.916746,1.68623345,0.001512809,2.152660619,0.070197552,4.82E-05,0.182451838,3.62E-05
494,onc_0494,935.8084896,0.264265558,0.002985156,2.484408996,0.035129819,2.62E-05,0.162915665,5.46E-05
495,onc_0495,1482.380357,1.441049414,0.001694426,2.963137143,0.080180975,3.24E-05,0.17161827,2.14E-05
496,onc_0496,1231.897364,3.989661578,0.001085957,2.449854306,0.026176967,4.46E-05,0.254331989,2.15E-05
497,onc_0497,1240.899556,4.037075703,0.003921401,2.379557593,0.041751967,4.20E-05,0.243034224,5.75E-05
498,onc_0498,1107.369968,5.543698771,0.001151719,2.167018228,0.074628084,4.52E-05,0.227781163,2.92E-05
499,onc_0499,1384.006685,9.31094436,0.001286083,2.210105551,0.045423303,4.73E-05,0.182256946,2.86E-05
500,onc_0500,1343.480334,0.607809105,0.002477606,2.195792662,0.045243139,3.16E-05,0.326600989,2.65E-05
